month,total
2024-07,4500.96
2024-08,1768.5100000000002
2024-09,5128.4400000000005
2024-10,14015.96
2024-11,12331.810000000001
2024-12,3646.56
2025-01,9251.18
2025-02,5885.21
2025-03,32981.25
2025-04,3899.41
2025-05,13961.97
2025-06,8590.92
2025-07,30191.42
